---
displayed_sidebar: "Chinese"
---

# array_contains_seq

## 描述

检查数组2的所有元素是否以完全相同的顺序出现在数组1中。因此，如果且仅如果数组1 = 前缀 + 数组2 + 后缀，该函数将返回1。


## 语法

~~~Haskell
BOOLEAN array_contains_all(arr1, arr2)
~~~

## 参数

`arr`: 要比较的两个数组。此语法检查arr2是否是arr1的子集，并且顺序完全相同。

两个数组中元素的数据类型必须相同。有关StarRocks支持的数组元素数据类型，请参阅 [ARRAY](../../../sql-reference/sql-statements/data-types/Array.md).

## 返回值

返回BOOLEAN类型的值。

如果arr2是arr1的子集，则返回1。否则，返回0。空值被处理为一个值。换句话说，array_contains_seq([1, 2, NULL, 3, 4], [2,3])将返回0。但是，array_contains_seq([1, 2, NULL, 3, 4], [2,NULL,3])将返回1。两个数组中值的顺序确实很重要。


## 示例

返回BOOLEAN类型的值。


```Plaintext
MySQL [(none)]> select array_contains_seq([1,2,3,4], [1,2,3]);
+---------------------------------------------+
| array_contains_seq([1, 2, 3, 4], [1, 2, 3]) |
+---------------------------------------------+
|                                           1 |
+---------------------------------------------+
```

```Plaintext
MySQL [(none)]> select array_contains_seq([1,2,3,4], [3,2]);
+------------------------------------------+
| array_contains_seq([1, 2, 3, 4], [3, 2]) |
+------------------------------------------+
|                                        0 |
+------------------------------------------+
1 row in set (0.18 sec)
```

```Plaintext
MySQL [(none)]> select array_contains_all([1, 2, NULL, 3, 4], ['a']);
+-----------------------------------------------+
| array_contains_all([1, 2, NULL, 3, 4], ['a']) |
+-----------------------------------------------+
|                                             0 |
+-----------------------------------------------+
1 row in set (0.18 sec)
```

```Plaintext
MySQL [(none)]> select array_contains([1, 2, NULL, 3, 4], 'a');
+-----------------------------------------+
| array_contains([1, 2, NULL, 3, 4], 'a') |
+-----------------------------------------+
|                                       0 |
+-----------------------------------------+
1 row in set (0.18 sec)
```
```Plaintext
MySQL [(none)]> SELECT array_contains([1, 2,3,4,null], null);
+------------------------------------------+
| array_contains([1, 2, 3, 4, NULL], NULL) |
+------------------------------------------+
|                                        1 |
+------------------------------------------+
1 row in set (0.18 sec)
```
